cid,first,mi,last,phonenumber,addr,City,State,ZipCOde,username,password,suser,accId
110000,John,A,Forsyth,(356) 352-0035,7714 Chapel Ave.,Whitestone,NY,11357,JohnAForsyth,NU210F,TRUE,1353600
110001,Jason,A,Dyer,(651) 472-8861,4 South Shore Dr.,Vincentown,NJ,8088,JasonADyer,HQ125T,TRUE,1354000
110002,Anna,B,King,(704) 760-7614,489 Riverview Lane,State College,PA,16801,AnnaBKing,HX561K,TRUE,1354400
110003,Wanda,B,Reid,(663) 844-6410,12 Princeton Road,Georgetown,SC,29440,WandaBReid,BA731R,TRUE,1354800
110004,Edward,C,Parsons,(591) 713-3770,7498 Main Court,Petersburg,VA,23803,EdwardCParsons,VU285F,TRUE,1355200
110005,Stewart,C,Turner,(589) 480-1297,984 Valley St.,Yuma,AZ,85365,StewartCTurner,LL958F,TRUE,1355600
110006,Nicholas,D,Miller,(837) 669-4495,396 Jones St.,Hartsville,SC,29550,NicholasDMiller,IA220S,TRUE,1356000
110007,Gabrielle,D,Stewart,(458) 483-2620,7655 Johnson Dr. ,Dorchester Center,MA,2124,GabrielleDStewart,JY291X,TRUE,1356400
110008,Sebastian,E,Ferguson,(794) 384-8135,848 Locust Lane ,Fort Lauderdale,FL,33308,SebastianEFerguson,BF205V,TRUE,1356800
110009,Angela,E,Chapman,(303) 625-1941,193 Glendale St. ,Sevierville,TN,37876,AngelaEChapman,AG855F,TRUE,1357200
110010,Rose,F,Martin,(775) 594-7490,2 Water Lane ,Orland Park,IL,60462,RoseFMartin,LN546A,TRUE,1357600
110011,Anthony,F,Stewart,(711) 358-9550,57 3rd Street ,Lockport,NY,14094,AnthonyFStewart,FY358Y,TRUE,1358000
110012,Connor,G,Mackenzie,(944) 982-0977,68 Summer Drive ,Coventry,RI,2816,ConnorGMackenzie,FF174S,TRUE,1358400
110013,Bella,G,Piper,(695) 374-0867,158 Bay St. ,Rockledge,FL,32955,BellaGPiper,PU170Q,TRUE,1358800
110014,Alan,H,Sanderson,(284) 254-1020,104 York Dr. ,Saratoga Springs,NY,12866,AlanHSanderson,HS830E,TRUE,1359200
110015,Carl,H,Hughes,(564) 332-6351,9110 James Avenue ,Lake Villa,IL,60046,CarlHHughes,QP431T,TRUE,1359600
110016,Lillian,I,Greene,(304) 783-9909,9657 Randall Mill St., Valdosta,GA,31601,LillianIGreene,LM544Z,TRUE,1360000
110017,Jason,I,Murray,(604) 693-6402,7286 High Point St. ,Romeoville,IL,60446,JasonIMurray,JX755B,FALSE,1360400
110018,Gavin,J,Lewis,(644) 567-5529,87 E. Wall Drive ,Arvada,CO,80003,GavinJLewis,LY982D,FALSE,1360800
110019,Maria,J,Black,(727) 295-7367,9199 Golden Star Ave., Southampton,PA,18966,MariaJBlack,RJ960A,FALSE,1361200
110020,Warren,K,Cornish,(301) 232-7709,686 Bowman Avenue ,Allentown,PA,18102,WarrenKCornish,AS163B,FALSE,1361600
110021,Penelope,K,Robertson,(350) 436-7025,406 Jones Street ,Lorton,VA,22079,PenelopeKRobertson,LK472Q,FALSE,1362000
110022,Dorothy,L,Russell,(995) 350-8929,19 E. Kingston Ave., Depew,NY,14043,DorothyLRussell,NF485C,FALSE,1362400
110023,Keith,L,Sutherland,(507) 231-9154,91 Glen Creek Avenue ,Mcallen,TX,78501,KeithLSutherland,AJ329G,FALSE,1362800
110024,Gavin,M,Ball,(356) 939-0067,8454 Big Rock Cove Dr. ,Ypsilanti,MI,48197,GavinMBall,NL634V,FALSE,1363200
110025,Jake,M,Slater,(639) 556-0339,8564 Arlington Ave. ,Tacoma,WA,98444,JakeMSlater,OK424C,FALSE,1363600
110026,Joanne,N,Tucker,(434) 867-8265,98 Magnolia Street ,Largo,FL,33771,JoanneNTucker,MU713J,FALSE,1364000
110027,Ruth,N,MacDonald,(400) 796-7324,572 Pacific Avenue ,Belleville,NJ,7109,RuthNMacDonald,PH212I,FALSE,1364400
110028,Molly,O,Chapman,(427) 540-4961,9665 Trout Road ,Newport News,VA,23601,MollyOChapman,IV887L,FALSE,1364800
110029,Jonathan,O,Harris,(805) 458-6990,80 North Lower River Lane ,Villa Park,IL,60181,JonathanOHarris,WC363D,FALSE,1365200
110030,Rachel,P,Wallace,(909) 565-7445,4 North Warren St. ,Suitland,MD,20746,RachelPWallace,HV653M,FALSE,1365600
110031,Maria,P,Chapman,(690) 221-6825,7681 South Willow Dr., Watertown,MA,2472,MariaPChapman,VI321O,FALSE,1366000
110032,Lisa,Q,Clark,(969) 544-1587,342 West Sunset Drive ,Somerset,NJ,8873,LisaQClark,FN846S,FALSE,1366400
110033,Christian,Q,Walsh,(366) 651-3323,9775 N. Roberts Street ,Havertown,PA,19083,ChristianQWalsh,DY462V,FALSE,1366800
110034,Alexandra,R,Hart,(964) 288-6079,594 Colonial Avenue ,Apopka,FL,32703,AlexandraRHart,IU441F,FALSE,1367200
110035,Tim,R,MacLeod,(867) 582-2505,9250 2nd Ave. ,Pomona,CA,91768,TimRMacLeod,NE128T,FALSE,1367600
110036,William,S,Paterson,(521) 953-3273,1 Old Fairview Street, Decatur,GA,30030,WilliamSPaterson,ME877A,FALSE,1368000
110037,Gavin,S,Ellison,(491) 386-2476,9678 Lantern St. ,Muskego,WI,53150,GavinSEllison,OB621V,FALSE,1368400
110038,Molly,T,Hart,(667) 578-8921,8299 West Pacific St., Worcester,MA,1604,MollyTHart,XU401V,FALSE,1368800
110039,Jack,T,Anderson,(425) 945-8896,6 Talbot Lane ,Warren,MI,48089,JackTAnderson,GY399I,FALSE,1369200
110040,Andrea,U,Terry,(307) 882-3540,913 Trenton Avenue ,Jamaica,NY,11432,AndreaUTerry,DH695Q,FALSE,1369600
110041,Penelope,U,Johnston,(511) 925-6726,25 Anderson Rd. ,Mooresville,NC,28115,PenelopeUJohnston,WU865H,FALSE,1370000
110042,Gabrielle,V,Sanderson,(824) 514-9031,37 Edgemont Ave. ,Spring Valley,NY,10977,GabrielleVSanderson,BS208U,FALSE,1370400
110043,Brandon,V,Gill,(675) 435-3476,467 Green Lake St. ,Rowlett,TX,75088,BrandonVGill,MK341P,FALSE,1370800
110044,Lillian,W,James,(861) 730-8417,214 Longbranch Drive ,Council Bluffs,IA,51501,LillianWJames,ZA345P,FALSE,1371200
110045,Rachel,W,Mackay,(360) 218-9497,8572 Orchard Lane ,New Milford,CT,6776,RachelWMackay,HQ156P,FALSE,1371600
110046,Matt,X,Graham,(732) 604-3032,341 Heritage Road ,Portsmouth,VA,23703,MattXGraham,PJ816G,FALSE,1372000
110047,Harry,X,Skinner,(680) 723-1859,9224 N. Old York Avenue ,Dundalk,MD,21222,HarryXSkinner,ON688X,FALSE,1372400
110048,David,Y,McLean,(721) 270-4125,5 Wellington Lane ,Dyersburg,TN,38024,DavidYMcLean,HK356P,FALSE,1372800
110049,Hannah,Y,Ogden,(459) 648-8198,79 Annadale St. ,Port Chester,NY,10573,HannahYOgden,LL438Q,FALSE,1373200
110050,Carl,Z,Glover,(657) 917-5762,29 Winding Way Ave. ,Crystal Lake,IL,60014,CarlZGlover,RA274O,FALSE,1373600
110051,Mary,Z,Davidson,(629) 226-6113,766 N. Smith Store Ave., Roswell,GA,30075,MaryZDavidson,JJ274R,FALSE,1374000
110052,Lucas,A,Randall,(313) 530-3662,9176 Henry Lane West ,Lafayette,IN,47906,LucasARandall,ZY288E,FALSE,1374400
110053,Elizabeth,A,Robertson,(537) 238-2295,2 Randall Mill Road, Summerville,SC,29483,ElizabethARobertson,NQ212X,FALSE,1374800
110054,Blake,B,Sanderson,(545) 968-4910,937 Philmont St. ,Dearborn,MI,48124,BlakeBSanderson,DX312G,FALSE,1375200
110055,Victor,B,Watson,(271) 406-6996,780 Birchpond Lane, Plainview,NY,11803,VictorBWatson,UB234A,FALSE,1375600
110056,Steven,C,Butler,(362) 796-8417,9829 Church Road, Goshen,IN,46526,StevenCButler,LO808U,FALSE,1376000
110057,Ella,C,Kelly,(856) 413-1952,575 Magnolia St., District Heights,MD,20747,EllaCKelly,AV255O,FALSE,1376400
110058,Max,D,Cornish,(400) 539-8947,9 Richardson Avenue, El Paso,TX,79930,MaxDCornish,MX687D,FALSE,1376800
110059,Jake,D,Jones,(563) 458-1061,92 Broad Dr., Quakertown,PA,18951,JakeDJones,PI396Q,FALSE,1377200
110060,Emily,E,Lyman,(848) 248-3974,9406 N. Edgewood Ave. ,New Bern,NC,28560,EmilyELyman,HV347D,FALSE,1377600
110061,Andrew,E,Smith,(582) 303-5050,8 Carpenter Lane, Simpsonville,SC,29680,AndrewESmith,DE997M,FALSE,1378000
110062,Wendy,F,Bower,(496) 653-5714,463 Livingston Court, Pottstown,PA,19464,WendyFBower,YH658A,FALSE,1378400
110063,Amelia,F,Ferguson,(523) 518-7726,547 Vine Drive, Baltimore,MD,21206,AmeliaFFerguson,GU685A,FALSE,1378800
110064,Joseph,G,Mathis,(317) 831-8400,892 Plumb Branch Rd., Ontario,CA,91762,JosephGMathis,SR765P,FALSE,1379200
110065,Wanda,G,Johnston,(734) 913-9940,880 Birchwood Street, New Berlin,WI,53151,WandaGJohnston,HG611K,FALSE,1379600
110066,Deirdre,H,Sutherland,(289) 747-6022,820 Woodsman Street, Glen Cove,NY,11542,DeirdreHSutherland,JY453S,FALSE,1380000
110067,Nicholas,H,Jones,(237) 279-8465,997 Holly Ave., Kernersville,NC,27284,NicholasHJones,RC951J,FALSE,1380400
110068,Grace,I,Duncan,(724) 556-6125,85 Greenrose Street Apt 453, Daphne,AL,36526,GraceIDuncan,KM415V,FALSE,1380800
110069,Dylan,I,Churchill,(760) 272-3357,797 State Street Moncks, Corner,SC,29461,DylanIChurchill,VQ805Y,FALSE,1381200
110070,Zoe,J,Bell,(796) 466-6916,52 Fremont St., Colorado Springs,CO,80911,ZoeJBell,RR844D,FALSE,1381600
110071,Julia,J,Metcalfe,(780) 410-0557,9843 Iroquois Lane, Spartanburg,SC,29301,JuliaJMetcalfe,HS117M,FALSE,1382000
110072,Steven,K,Jackson,(896) 914-4298,63 West Whitemarsh Court, Scotch Plains,NJ,7076,StevenKJackson,BD368I,FALSE,1382400
110073,Michelle,K,Parsons,(385) 448-9953,77 Bradford St., Bedford,OH,44146,MichelleKParsons,MR808Z,FALSE,1382800
110074,Stephanie,L,Davidson,(839) 709-0744,541 Monroe Dr., Warwick,RI,2886,StephanieLDavidson,ZA757U,FALSE,1383200
110075,Emma,L,Ince,(740) 502-7771,25 Lantern Dr., Beaver Falls,PA,15010,EmmaLInce,VW720V,FALSE,1383600
110076,Kimberly,M,Smith,(653) 501-5813,360 Wakehurst Ave., Garner,NC,27529,KimberlyMSmith,PY209W,FALSE,1384000
110077,Rebecca,M,Fisher,(557) 426-7404,51 Riverside Lane, Fort Walton Beach,FL,32547,RebeccaMFisher,JL552U,FALSE,1384400
110078,Emma,N,Simpson,(553) 351-2996,2 County St., Yuba City,CA,95993,EmmaNSimpson,JB529B,FALSE,1384800
110079,Leonard,N,Hudson,(211) 572-3944,9 Proctor Dr., Attleboro,MA,2703,LeonardNHudson,DY295U,FALSE,1385200
110080,Leonard,O,Henderson,(916) 666-8968,8836 Strawberry Lane, Bloomington,IN,47401,LeonardOHenderson,VY651E,FALSE,1385600
110081,Audrey,O,Clarkson,(361) 623-8518,8469 Ann Street, Woodside,NY,11377,AudreyOClarkson,ES150D,FALSE,1386000
110082,Phil,P,Turner,(329) 623-8831,230 Academy Rd., Oxnard,CA,93035,PhilPTurner,NF464H,FALSE,1386400
110083,Gabrielle,P,Sharp,(947) 662-3835,753 Pendergast Lane, Bel Air,MD,21014,GabriellePSharp,IS914P,FALSE,1386800
110084,Alexander,Q,Chapman,(643) 577-8247,885 Bald Hill St., Centreville,VA,20120,AlexanderQChapman,VM729V,FALSE,1387200
110085,Grace,Q,Hill,(965) 291-0460,307 Green Lake St., Sterling,VA,20164,GraceQHill,KC888B,FALSE,1387600
110086,Abigail,R,Duncan,(774) 425-8151,829 Mulberry St., Winona,MN,55987,AbigailRDuncan,ED943O,FALSE,1388000
110087,Keith,R,Baker,(729) 466-5163,101 SE. Roosevelt St., Cottage Grove,MN,55016,KeithRBaker,NZ157C,FALSE,1388400
110088,Jan,S,Murray,(735) 744-9787,421 Carpenter Ave., Clemmons,NC,27012,JanSMurray,HE100Q,FALSE,1388800
110089,Olivia,S,Edmunds,(978) 981-7613,9626 Lantern Rd., Ronkonkoma,NY,11779,OliviaSEdmunds,IU437F,FALSE,1389200
110090,Owen,T,Fisher,(377) 728-4591,363 East Country St., Statesville,NC,28625,OwenTFisher,HJ217H,FALSE,1389600
110091,Lucas,T,Vance,(822) 696-0227,504 West Stonybrook St., Uniontown,PA,15401,LucasTVance,NU655N,FALSE,1390000
110092,Brian,U,Cornish,(390) 875-2198,8642 Lexington Lane, Palos Verdes Peninsula,CA,90274,BrianUCornish,HC599J,FALSE,1390400
110093,Julian,U,Scott,(518) 295-6726,49 La Sierra Street, Monroe Township,NJ,8831,JulianUScott,FJ155Y,FALSE,1390800
110094,Joan,V,Ellison,(956) 213-0921,7932 Snake Hill Ave., Monsey,NY,10952,JoanVEllison,NZ105B,FALSE,1391200
110095,Bella,V,Manning,(577) 282-6346,35 Beaver Ridge Street, Hixson,TN,37343,BellaVManning,AV534R,FALSE,1391600
110096,Trevor,W,Mackay,(387) 309-6346,618 Main St., Casselberry,FL,32707,TrevorWMackay,JA314J,FALSE,1392000
110097,Eric,W,Bower,(300) 989-6156,208 South Gartner Ave., Parkersburg,WV,26101,EricWBower,GQ350F,FALSE,1392400
110098,Molly,X,James,(883) 549-5974,7 Shirley Ave., Liverpool,NY,13090,MollyXJames,RH960F,FALSE,1392800
110099,Angela,D,Dowd,(885) 566-8398,9618C South Lane, Cary,NC,27511,AngelaDDowd,PL546E,FALSE,1393200
110100,Matt,Y,Sutherland,(978) 790-1646,682 Randall Mill Drive, Toms River,NJ,8753,MattYSutherland,XC632M,FALSE,1393600
110101,Sally,E,Nash,(863) 699-9498,64 10th St., Lady Lake,FL,32159,SallyENash,LR236I,FALSE,1394000
110102,Angela,Z,Morrison,(647) 501-0107,40 Goldfield Lane, Severn,MD,21144,AngelaZMorrison,OO698N,FALSE,1394400
110103,Victor,F,Rees,(737) 821-3084,9 Columbia Lane, Paducah,KY,42001,VictorFRees,TQ536T,FALSE,1394800
110104,Amelia,G,Tucker,(264) 205-4893,8057 West Rockaway Street, Ocoee,FL,34761,AmeliaGTucker,HU342S,FALSE,1395200
110105,Julia,G,Hunter,(379) 405-4692,8530 Devon St., Moses Lake,WA,98837,JuliaGHunter,ZD767W,FALSE,1395600
110106,Dan,H,Arnold,(550) 766-2333,51 W. Glen Ridge Drive, Abingdon,MD,21009,DanHArnold,OA820J,FALSE,1396000
110107,James,H,Walsh,(587) 709-5792,7388 North Gainsway St., Baldwinsville,NY,13027,JamesHWalsh,UW737F,FALSE,1396400
110108,Emily,I,Kerr,(842) 313-8849,2 Brook Dr., Waynesboro,PA,17268,EmilyIKerr,XM837Y,FALSE,1396800
110109,Dorothy,I,Vance,(680) 233-3293,628 Southampton Dr., Hummelstown,PA,17036,DorothyIVance,BH392C,FALSE,1397200
110110,Katherine,J,Glover,(339) 944-5074,840 Orange Ave., Arlington Heights,IL,60004,KatherineJGlover,DK468R,FALSE,1397600
110111,Bella,J,Duncan,(760) 999-7361,26 Victoria St., Chattanooga,TN,37421,BellaJDuncan,ES449K,FALSE,1398000
110112,Eric,K,Rees,(530) 585-7948,50 Canterbury Dr., Homestead,FL,33030,EricKRees,IV723A,FALSE,1398400
110113,Donna,K,Newman,(887) 473-6013,793 Catherine Dr., Queensbury,NY,12804,DonnaKNewman,CM257M,FALSE,1398800
110114,Boris,L,Payne,(380) 702-4449,584 South Oak Valley St., Lancaster,NY,14086,BorisLPayne,IC412Q,FALSE,1399200
110115,Lucas,A,Parsons,(523) 466-2556,7803 John Drive, Auburn,NY,13021,LucasAParsons,WT561B,FALSE,1399600
110116,Jennifer,B,Watson,(256) 918-3721,33 Richardson Dr., Horn Lake,MS,38637,JenniferBWatson,FR643M,FALSE,1400000
110117,Anne,R,Langdon,(517) 862-7176,9137 Devonshire St., Hyde Park,MA,2136,AnneRLangdon,YR437V,FALSE,1400400
110118,Jack,R,Stewart,(348) 590-4324,653 Augusta St., Westport,CT,6880,JackRStewart,ME938N,FALSE,1400800
110119,Penelope,Y,Howard,(920) 632-4337,7320 Race Ave., New Brunswick,NJ,8901,PenelopeYHoward,RP859N,FALSE,1401200
110120,Maria,G,Newman,(823) 713-3739,34 Hartford St., Waterloo,IA,50701,MariaGNewman,GY268K,FALSE,1401600
110121,Felicity,H,Poole,(252) 542-4479,99 Bradford St., Parkville,MD,21234,FelicityHPoole,VW547R,FALSE,1402000
110122,Max,N,King,(499) 665-3302,8817 North Airport St., Venice,FL,34293,MaxNKing,FU467V,FALSE,1402400
110123,Caroline,K,Peters,(228) 349-6828,940 Creekside Lane, Port Saint Lucie,FL,34952,CarolineKPeters,KM492V,FALSE,1402800
110124,Jan,L,Scott,(395) 939-1523,627 Longbranch Rd., Stratford,CT,6614,JanLScott,NN156C,FALSE,1403200
110125,Andrea,I,Cornish,(988) 211-0713,537 James Dr., Old Bridge,NJ,8857,AndreaICornish,NO662Y,FALSE,1403600
110126,Rachel,W,Dickens,(899) 358-3536,5 N. Elmwood Road, Winter Haven,FL,33880,RachelWDickens,XM799R,FALSE,1404000
110127,David,E,Dyer,(411) 574-9807,8032 Longfellow St., Winter Garden,FL,34787,DavidEDyer,MP810Q,FALSE,1404400
110128,Luke,X,Campbell,(557) 989-6444,42 N. Delaware Ave., Goldsboro,NC,27530,LukeXCampbell,GZ667C,FALSE,1404800
110129,Theresa,F,Lambert,(445) 836-8997,84 Adams Drive, Garland,TX,75043,TheresaFLambert,RO502K,FALSE,1405200
110130,Heather,Y,Graham,(329) 309-9687,8874 Ann St., Germantown,MD,20874,HeatherYGraham,JQ354N,FALSE,1405600
110131,Tim,G,Miller,(744) 852-2048,128 North St., Carpentersville,IL,60110,TimGMiller,MQ916S,FALSE,1406000
110132,Alison,Z,Ellison,(349) 859-8165,8962 East Carriage Ave., Hopkinsville,KY,42240,AlisonZEllison,YT656D,FALSE,1406400
110133,Adrian,H,Murray,(601) 886-1159,8233 Greystone St., Mankato,MN,56001,AdrianHMurray,CC426T,FALSE,1406800
110134,Jake,A,Short,(400) 332-7398,652 Thorne Avenue, Redford,MI,48239,JakeAShort,TK944Q,FALSE,1407200
110135,Carl,D,Robertson,(454) 973-7351,91 East Myrtle Street, Englewood,NJ,7631,CarlDRobertson,LX148I,FALSE,1407600
110136,Dan,B,Lambert,(783) 217-1975,980 SE. Carson Lane, Point Pleasant Beach,NJ,8742,DanBLambert,RL710S,FALSE,1408000
110137,Robert,E,Arnold,(822) 432-0109,2 County Rd., Greenwood,SC,29646,RobertEArnold,LR495Y,FALSE,1408400
110138,Joan,C,Parr,(808) 665-2295,598 Windfall Ave., Merrillville,IN,46410,JoanCParr,WW152G,FALSE,1408800
110139,Isaac,F,North,(488) 573-9435,8734 Glen Ridge St., Springboro,OH,45066,IsaacFNorth,KO643H,FALSE,1409200
110140,Ava,D,Rees,(269) 205-2692,9257 E. Rosewood Drive, Lombard,IL,60148,AvaDRees,JS772H,FALSE,1409600
110141,Gavin,G,Lawrence,(689) 443-9450,7326 Marconi St., Danville,VA,24540,GavinGLawrence,DR892A,FALSE,1410000
110142,Owen,E,Lee,(989) 611-2696,9371 Sage Road, Birmingham,AL,35209,OwenELee,GE403M,FALSE,1410400
110143,Heather,H,McGrath,(999) 517-4409,86 East Grove Street, Alliance,OH,44601,HeatherHMcGrath,HS995V,FALSE,1410800
110144,Brandon,F,Terry,(989) 668-2613,7986 Gulf Street, Wake Forest,NC,27587,BrandonFTerry,RU303T,FALSE,1411200
110145,Heather,I,Mackenzie,(466) 281-8998,2 Catherine Street, Palmetto,FL,34221,HeatherIMackenzie,KQ789Z,FALSE,1411600
110146,Carl,G,Young,(644) 516-9824,7587 Rocky River Street, Oak Lawn,IL,60453,CarlGYoung,SR272G,FALSE,1412000
110147,Dominic,J,MacDonald,(672) 515-8638,7751 Shirley Drive, Upper Marlboro,MD,20772,DominicJMacDonald,KZ464T,FALSE,1412400
110148,Anne,H,Roberts,(896) 375-0554,474 Honey Creek Street, Bowling Green,KY,42101,AnneHRoberts,BF272X,FALSE,1412800
110149,Lauren,K,Blake,(219) 371-9819,6 College Street, Dekalb,IL,60115,LaurenKBlake,WK536R,FALSE,1413200
110150,Sarah,I,Mitchell,(269) 524-9721,358 Pine Ave., Manchester Township,NJ,8759,SarahIMitchell,HG766G,FALSE,1413600
110151,Sally,S,Carr,(984) 682-1696,3 Edgewood Circle, Halethorpe,MD,21227,SallySCarr,LX991W,FALSE,1414000
110152,Dan,A,Fraser,(815) 214-3448,8977 Poor House Rd., Nanuet,NY,10954,DanAFraser,LD871G,FALSE,1414400
110153,Owen,S,Howard,(406) 629-2398,940 Tower St., Lincoln Park,MI,48146,OwenSHoward,PQ235S,FALSE,1414800
110154,Jacob,B,Burgess,(495) 241-9143,55 Court Lane Pmbroke,Cookeville,TN,38501,JacobBBurgess,OC556W,FALSE,1415200
110155,Warren,T,MacDonald,(501) 541-4301,7357 Blue Spring St., Royersford,PA,19468,WarrenTMacDonald,NF914X,FALSE,1415600
110156,Felicity,C,Wilson,(292) 294-3105,6 Longbranch Street, Cocoa,FL,32927,FelicityCWilson,AD918D,FALSE,1416000
110157,Penelope,U,Vance,(704) 286-1846,9447 W. Front Ave., Middle River,MD,21220,PenelopeUVance,IA454U,FALSE,1416400
110158,Dorothy,D,Skinner,(279) 491-6781,7418 North San Carlos Drive, Bellmore,NY,11710,DorothyDSkinner,TA655O,FALSE,1416800
110159,Owen,V,May,(404) 336-0299,3 Manhattan St., Royal Oak,MI,48067,OwenVMay,UA176Q,FALSE,1417200
110160,Elizabeth,E,Manning,(652) 611-5519,8079 El Dorado Drive, Circle Pines,MN,55014,ElizabethEManning,LC597O,FALSE,1417600
110161,Dan,W,Wilkins,(858) 903-0036,57 Forest St., Elyria,OH,44035,DanWWilkins,MH153Z,FALSE,1418000
110162,Eric,F,Slater,(631) 975-1764,7509 Lantern St., Gibsonia,PA,15044,EricFSlater,SE804J,FALSE,1418400
110163,Anne,X,Gibson,(505) 635-8441,635 University St., Canton,GA,30114,AnneXGibson,QQ125T,FALSE,1418800
110164,Penelope,A,Turner,(755) 955-0117,737 Franklin Court, Ottumwa,IA,52501,PenelopeATurner,ZJ640C,FALSE,1419200
110165,Abigail,B,Brown,(896) 908-9379,2 Bay Meadows Drive, Hammonton,NJ,8037,AbigailBBrown,EW747J,FALSE,1419600
110166,Sebastian,B,Cameron,(652) 995-7816,8006 N. Augusta St., Lawrence Township,NJ,8648,SebastianBCameron,PW421H,FALSE,1420000
110167,Charles,C,Avery,(655) 622-1199,8243 Bank St., Marshfield,WI,54449,CharlesCAvery,HM680P,FALSE,1420400
110168,Andrew,C,Butler,(657) 651-5070,842 S. Primrose Street, Monroeville,PA,15146,AndrewCButler,XY229R,FALSE,1420800
110169,James,D,Davies,(979) 634-9528,7445 Mammoth Street, Butler,PA,16001,JamesDDavies,VS586J,FALSE,1421200
110170,Claire,D,Payne,(554) 287-5917,61 Grant Lane, Clarkston,MI,48348,ClaireDPayne,UU949X,FALSE,1421600
110171,Irene,E,Grant,(971) 960-4715,14 Princeton Street, Massapequa Park,NY,11762,IreneEGrant,JV404L,FALSE,1422000
110172,Stephen,E,Roberts,(727) 832-7007,9 Philmont Court, Flowery Branch,GA,30542,StephenERoberts,II519M,FALSE,1422400
110173,David,F,White,(621) 537-1591,473 Joy Ridge Court, Bridgeport,CT,6606,DavidFWhite,ZX176J,FALSE,1422800
110174,Michael,F,Pullman,(667) 283-2012,413 Primrose St., Loxahatchee,FL,33470,MichaelFPullman,MN192X,FALSE,1423200
110175,Samantha,G,Sharp,(942) 459-1330,95 Newport St., Commack,NY,11725,SamanthaGSharp,RM351C,FALSE,1423600
110176,Dorothy,G,Lewis,(712) 875-5779,990 Linda Lane, Voorhees,NJ,8043,DorothyGLewis,WK259P,FALSE,1424000
110177,Brian,H,Black,(761) 780-9230,21 Fairground Lane, Williamstown,NJ,8094,BrianHBlack,HH423E,FALSE,1424400
110178,Zoe,H,Mathis,(846) 486-3477,9534 Santa Clara St., Lutherville Timonium,MD,21093,ZoeHMathis,EV950F,FALSE,1424800
110179,Christian,I,Simpson,(622) 645-6815,7191 Baker St., Marysville,OH,43040,ChristianISimpson,RQ280L,FALSE,1425200
110180,Carl,I,Hart,(628) 350-8576,9 Lower River St., Windsor,CT,6095,CarlIHart,LF418Z,FALSE,1425600
110181,Donna,J,Kerr,(854) 364-5318,372 North Ave., Medina,OH,44256,DonnaJKerr,EH446R,FALSE,1426000
110182,Lillian,J,McGrath,(435) 879-2298,95 N. 2nd Ave., Altamonte Springs,FL,32714,LillianJMcGrath,LO173H,FALSE,1426400
110183,Liam,K,King,(604) 918-4422,8073 Arnold Lane, Mount Holly,NJ,8060,LiamKKing,SU888Q,FALSE,1426800
110184,Megan,K,Peake,(965) 474-5854,67 Marconi Road, Staten Island,NY,10301,MeganKPeake,HW804H,FALSE,1427200
110185,Leonard,L,Bailey,(679) 399-9693,7980 4th Street, Roslindale,MA,2131,LeonardLBailey,GX234A,FALSE,1427600
110186,Adrian,L,Mackenzie,(743) 659-2487,9690 Old Willow Drive, Chicopee,MA,1020,AdrianLMackenzie,IS313P,FALSE,1428000
110187,Dorothy,M,Berry,(961) 474-5680,85 Evergreen Avenue, Streamwood,IL,60107,DorothyMBerry,KR795R,FALSE,1428400
110188,Adam,M,Marshall,(633) 519-0068,67 Pierce Drive, Springfield,PA,19064,AdamMMarshall,VM792F,FALSE,1428800
110189,Zoe,N,Vance,(284) 870-3710,18 Oak Meadow Rd., Newton,NJ,7860,ZoeNVance,UC801Y,FALSE,1429200
110190,Oliver,N,Robertson,(989) 510-7459,822 Bay Meadows Dr., East Northport,NY,11731,OliverNRobertson,SN481H,FALSE,1429600
110191,Rebecca,O,Wilson,(281) 695-8645,326 West Plumb Branch Street, Campbell,CA,95008,RebeccaOWilson,CT284W,FALSE,1430000
110192,Anne,O,Walsh,(992) 707-4059,8353 Studebaker Drive, Joliet,IL,60435,AnneOWalsh,DH235O,FALSE,1430400
110193,Jacob,P,Hunter,(699) 716-1778,318 Temple Dr., Cartersville,GA,30120,JacobPHunter,KH744T,FALSE,1430800
110194,William,P,Cornish,(412) 718-1251,34 Harvey Avenue, Clermont,FL,34711,WilliamPCornish,UY995H,FALSE,1431200
110195,Joe,Q,Dyer,(831) 396-5003,8772 E. Berkshire Ave., Doylestown,PA,18901,JoeQDyer,ZF422C,FALSE,1431600
110196,Alexander,Q,Wilkins,(347) 936-9627,95 Oak Street, Norwich,CT,6360,AlexanderQWilkins,UR368F,FALSE,1432000
110197,Lisa,R,Manning,(617) 436-2037,305 East Paris Hill Road, Iowa City,IA,52240,LisaRManning,YO683G,FALSE,1432400
110198,Claire,R,Scott,(441) 768-8635,47 South George Ave., Riverdale,GA,30274,ClaireRScott,MV172T,FALSE,1432800
110199,Cameron,S,Paige,(981) 235-7173,55 Longbranch Street, Bayonne,NJ,7002,CameronSPaige,YU814E,FALSE,1433200
110200,Wanda,S,Nolan,(666) 865-6936,734 South Dr., Evans,GA,30809,WandaSNolan,KZ293C,FALSE,1433600
110201,Oliver,T,Vance,(365) 612-2770,17 Bridge Dr.,Wadsworth,OH,44281,OliverTVance,SZ395J,FALSE,1434000
110202,Gordon,T,Fisher,(667) 981-0349,56 Thorne Drive,Apple Valley,CA,92307,GordonTFisher,RR552C,FALSE,1434400
110203,William,U,Jackson,(572) 910-2685,10 Garfield St.,Norwalk,CT,6851,WilliamUJackson,XO369B,FALSE,1434800
110204,Ava,U,Dyer,(551) 382-5024,8842 South Proctor Road,Powell,TN,37849,AvaUDyer,OL222G,FALSE,1435200
110205,Joanne,V,Newman,(955) 700-8037,41 N. Middle River Street,Mason City,IA,50401,JoanneVNewman,SR349V,FALSE,1435600
110206,Oliver,V,Watson,(229) 575-3397,80 Military St.,Ridgewood,NJ,7450,OliverVWatson,IN797J,FALSE,1436000
110207,Max,W,Hill,(507) 739-3632,818 Catherine Rd.,Winston Salem,NC,27103,MaxWHill,PD631L,FALSE,1436400
110208,Heather,W,Springer,(678) 845-5995,7262 Richardson Ave.,Pensacola,FL,32503,HeatherWSpringer,BT273C,FALSE,1436800
110209,Jonathan,X,Langdon,(396) 762-7429,404 High Ridge St.,Hanover Park,IL,60133,JonathanXLangdon,NV364C,FALSE,1437200
110210,Simon,X,White,(550) 541-1054,462 North Valley Street,Gulfport,MS,39503,SimonXWhite,WT489E,FALSE,1437600
110211,Robert,Y,Burgess,(512) 749-7851,313 Bayport Ave.,Morton Grove,IL,60053,RobertYBurgess,VU720K,FALSE,1438000
110212,Nicola,Y,Graham,(745) 944-7829,559 Glenholme St.,Snellville,GA,30039,NicolaYGraham,JL352K,FALSE,1438400
110213,Neil,Z,Hunter,(449) 874-7634,551 Squaw Creek Rd.,Dracut,MA,1826,NeilZHunter,II692B,FALSE,1438800
110214,Una,Z,Sanderson,(298) 350-7523,530 North Proctor Street,New Castle,PA,16101,UnaZSanderson,AB393U,FALSE,1439200
110215,Owen,D,Bell,(287) 249-6249,83 Wall St.,Bardstown,KY,40004,OwenDBell,CN855H,FALSE,1439600
110216,Alison,D,Vance,(944) 810-4571,72 Gulf St.,Mentor,OH,44060,AlisonDVance,HF455F,FALSE,1440000
110217,Dan,E,Henderson,(757) 731-9657,726 Tunnel St.,Elk Grove Village,IL,60007,DanEHenderson,MO771N,FALSE,1440400
110218,Warren,E,Parr,(680) 718-2706,700 Grand Avenue,Charleston,SC,29406,WarrenEParr,XY578R,FALSE,1440800
110219,Dorothy,F,Quinn,(880) 992-2828,9486 S. Birchwood Avenue,Marcus Hook,PA,19061,DorothyFQuinn,KQ950M,FALSE,1441200
110220,Ian,F,Carr,(762) 883-5480,146 Manchester St.,Grand Island,NE,68801,IanFCarr,YS330W,FALSE,1441600
110221,Julia,G,Dickens,(223) 739-3968,9901 Sunnyslope Drive,West Haven,CT,6516,JuliaGDickens,ZA538E,FALSE,1442000
110222,Wanda,G,Sharp,(290) 739-0267,75 Main Court,Madisonville,KY,42431,WandaGSharp,RO592E,FALSE,1442400
110223,Warren,H,Kerr,(785) 505-7829,7471 High Ridge St.,New Philadelphia,OH,44663,WarrenHKerr,HD265T,FALSE,1442800
110224,Evan,H,Short,(565) 736-4919,33 North Griffin St.,Rocky Mount,NC,27804,EvanHShort,SV877V,FALSE,1443200
110225,Hannah,I,Walsh,(259) 343-9480,875 Chestnut Street,Bonita Springs,FL,34135,HannahIWalsh,WN396H,FALSE,1443600
110226,Jessica,I,Gill,(985) 541-5563,596 Smoky Hollow Dr.,Wilson,NC,27893,JessicaIGill,EV993H,FALSE,1444000
110227,Kimberly,J,Berry,(974) 996-3369,5 Rockwell St.,Easton,PA,18042,KimberlyJBerry,XP414T,FALSE,1444400
110228,Jack,J,Davies,(414) 913-6728,523 Oak Meadow Ave.,Lansdowne,PA,19050,JackJDavies,MR948J,FALSE,1444800
110229,Sue,K,Ferguson,(835) 246-4842,78 E. Hill Street,Vicksburg,MS,39180,SueKFerguson,NQ696H,FALSE,1445200
110230,Andrea,K,Randall,(327) 264-8555,7253 Tarkiln Hill Court,Springfield Gardens,NY,11413,AndreaKRandall,AQ543N,FALSE,1445600
110231,Joan,L,Fraser,(913) 854-4419,8769 Roberts Ave.,Livingston,NJ,7039,JoanLFraser,IM106U,FALSE,1446000
110232,Carl,L,Ross,(253) 786-0990,42 Union St.,Middletown,CT,6457,CarlLRoss,CF752N,FALSE,1446400
110233,Sarah,M,Butler,(963) 555-1167,74 Big Rock Cove Court,Wheaton,IL,60187,SarahMButler,LZ301B,FALSE,1446800
110234,Sarah,M,Ross,(667) 409-8064,101 Smith Court,Framingham,MA,1701,SarahMRoss,CP364S,FALSE,1447200
110235,Andrea,N,Rees,(852) 569-2185,47 State Ave.,Boca Raton,FL,33428,AndreaNRees,PS786U,FALSE,1447600
110236,Cameron,N,Sharp,(606) 342-9435,9915 East St Paul St.,Greenville,NC,27834,CameronNSharp,KB825J,FALSE,1448000
110237,Adam,O,Welch,(773) 775-1295,7601 N. Leeton Ridge Ave.,Saint Joseph,MI,49085,AdamOWelch,YA868Y,FALSE,1448400
110238,Trevor,O,Dickens,(202) 527-5578,574 Fifth Street,Smyrna,GA,30080,TrevorODickens,TW395X,FALSE,1448800
110239,Joanne,P,Wilkins,(705) 814-4921,8214 Cleveland St.,Sacramento,CA,95820,JoannePWilkins,DH375R,FALSE,1449200
110240,Frank,P,Piper,(952) 898-9747,832 Walnutwood Rd.,Burlington,MA,1803,FrankPPiper,KF891Q,FALSE,1449600
110241,Hannah,Q,Randall,(252) 475-5183,8080 Forest Street,Buffalo Grove,IL,60089,HannahQRandall,UY199F,FALSE,1450000
110242,Sebastian,Q,Rees,(991) 754-2560,31 Nicolls Street,Desoto,TX,75115,SebastianQRees,CD115H,FALSE,1450400
110243,Colin,R,Terry,(717) 757-4435,57 Smoky Hollow St.,Mcdonough,GA,30252,ColinRTerry,IO624M,FALSE,1450800
110244,Megan,R,Smith,(541) 439-8751,7073 Woodsman Ave.,Muskogee,OK,74403,MeganRSmith,JI277E,FALSE,1451200
110245,Paul,S,May,(231) 319-6246,9039 Elizabeth Street,Sun Prairie,WI,53590,PaulSMay,OU679R,FALSE,1451600
110246,Fiona,S,Bower,(537) 711-6176,52 Spruce Circle,Irvington,NJ,7111,FionaSBower,OP758C,FALSE,1452000
110247,Rose,T,Campbell,(729) 236-4152,7445 Prince Dr.,Feasterville Trevose,PA,19053,RoseTCampbell,VR930D,FALSE,1452400
110248,Wanda,T,Piper,(213) 719-1494,8396 Ridge St.,Central Islip,NY,11722,WandaTPiper,KH428N,FALSE,1452800
110249,Ian,U,Fisher,(735) 449-0247,44 Mountainview Drive,Mc Lean,VA,22101,IanUFisher,ET928Q,FALSE,1453200
110250,Boris,U,Springer,(821) 260-3779,301 Devon Court,Huntley,IL,60142,BorisUSpringer,MT963E,FALSE,1453600
110251,Leonard,V,Hunter,(788) 943-0091,7 Sycamore Street,Ephrata,PA,17522,LeonardVHunter,KX869V,FALSE,1454000
110252,Andrew,V,Berry,(565) 764-3537,349 North Ave.,Brooklyn,NY,11201,AndrewVBerry,QB526R,FALSE,1454400
110253,Colin,W,MacDonald,(240) 653-3584,7443 Pleasant Dr.,Terre Haute,IN,47802,ColinWMacDonald,RB108W,FALSE,1454800
110254,Joanne,W,Coleman,(694) 642-2620,845 Applegate Drive,Aliquippa,PA,15001,JoanneWColeman,PJ259B,FALSE,1455200
110255,Claire,X,Welch,(532) 915-6883,8192 Vale St.,Baton Rouge,LA,70806,ClaireXWelch,RJ361T,FALSE,1455600
110256,Blake,X,Morgan,(869) 590-9426,323 Logan St.,Glen Ellyn,IL,60137,BlakeXMorgan,EI824H,FALSE,1456000
110257,Andrew,Y,Anderson,(713) 486-9486,9613 Wayne Dr.,Oak Ridge,TN,37830,AndrewYAnderson,LS816J,FALSE,1456400
110258,Heather,Y,Gray,(285) 448-5049,168 Gates Street,Lynn,MA,1902,HeatherYGray,CZ663R,FALSE,1456800
110259,Molly,Z,Newman,(642) 553-9592,713 S. Beechwood St.,Independence,KY,41051,MollyZNewman,ZN130Z,FALSE,1457200
110260,Charles,E,Payne,(800) 560-2309,7986 River Dr.,Herndon,VA,20170,CharlesEPayne,SH371Z,FALSE,1457600
110261,Caroline,F,Avery,(424) 420-6668,8758 Bank Dr.,Fairmont,WV,26554,CarolineFAvery,PM492K,FALSE,1458000
110262,Mary,F,Marshall,(753) 305-3787,9986 Arcadia Rd.,East Haven,CT,6512,MaryFMarshall,JO199X,FALSE,1458400
110263,Dan,G,Rutherford,(946) 842-5335,932 Morris St.,Lanham,MD,20706,DanGRutherford,IB113W,FALSE,1458800
110264,Carolyn,G,Jones,(646) 808-8896,9254 Henry Smith St.,Manitowoc,WI,54220,CarolynGJones,DX570N,FALSE,1459200
110265,Anna,H,Allan,(261) 655-8014,9726 Saxon St. Suite 791,Marshalltown,IA,50158,AnnaHAllan,LH175G,FALSE,1459600
110266,Eric,H,Ince,(670) 585-0870,8712 Old Woodland Drive,Brookline,MA,2446,EricHInce,BC508F,FALSE,1460000
110267,Dylan,I,Short,(505) 975-8343,8444 Church Dr.,Longview,TX,75604,DylanIShort,MP332B,FALSE,1460400
110268,Victor,I,Vance,(923) 619-3543,74 Wakehurst St.,El Dorado,AR,71730,VictorIVance,JY624Z,FALSE,1460800
110269,Luke,J,Oliver,(779) 831-1270,8451 W. Oak Valley Ave.,Shelton,CT,6484,LukeJOliver,QV438O,FALSE,1461200
110270,Lillian,J,Berry,(982) 407-1605,65 North Hamilton Ave.,Northville,MI,48167,LillianJBerry,XU705N,FALSE,1461600
110271,Jack,K,North,(437) 255-6896,194 Monroe Street,Harvey,IL,60426,JackKNorth,AS528C,FALSE,1462000
110272,Lauren,K,Taylor,(587) 745-0560,7477 Glenridge Dr.,Harlingen,TX,78552,LaurenKTaylor,HR411P,FALSE,1462400
110273,Caroline,L,Clark,(800) 410-8279,8645 Manchester Street,Fair Lawn,NJ,7410,CarolineLClark,VU309W,FALSE,1462800
110274,Michelle,L,Avery,(629) 709-7144,452 Rose St.,Richmond,VA,23223,MichelleLAvery,EY275A,FALSE,1463200
110275,Alexandra,M,Morrison,(602) 229-9736,73 Brickyard Avenue,Sun City,AZ,85351,AlexandraMMorrison,BK964U,FALSE,1463600
110276,Warren,M,Hudson,(312) 571-2369,76 San Juan Drive,Zion,IL,60099,WarrenMHudson,XX696N,FALSE,1464000
110277,Dorothy,N,North,(554) 891-7856,5 West Purple Finch St.,Mount Vernon,NY,10550,DorothyNNorth,HG381R,FALSE,1464400
110278,Anne,N,Anderson,(307) 472-1088,930 S. Race Ave.,Lakeland,FL,33801,AnneNAnderson,XD173D,FALSE,1464800
110279,Tracey,O,Chapman,(362) 506-5152,52 West Applegate St.,Merrick,NY,11566,TraceyOChapman,OK582U,FALSE,1465200
110280,Virginia,O,Vance,(250) 207-7092,909 E. Cottage Ave.,Des Moines,IA,50310,VirginiaOVance,DT995J,FALSE,1465600
110281,Carl,P,Duncan,(467) 782-5955,84 North Fairfield St.,Grovetown,GA,30813,CarlPDuncan,AP438F,FALSE,1466000
110282,John,P,Fraser,(305) 999-8357,574 Clark Drive,Yorktown Heights,NY,10598,JohnPFraser,UO231L,FALSE,1466400
110283,Melanie,Q,Walsh,(530) 874-3031,79 Lawrence Dr.,Klamath Falls,OR,97603,MelanieQWalsh,AP599O,FALSE,1466800
110284,Katherine,Q,Martin,(934) 504-8183,8802 Edgewood St.,Arlington,MA,2474,KatherineQMartin,JY223U,FALSE,1467200
110285,Jasmine,R,Berry,(984) 230-1258,49 Myrtle Court,Pewaukee,WI,53072,JasmineRBerry,XH256F,FALSE,1467600
110286,Karen,R,Campbell,(903) 223-1165,9678 Prospect Ave.,Santa Monica,CA,90403,KarenRCampbell,OO701J,FALSE,1468000
110287,Ava,S,Skinner,(858) 315-3190,54 Shadow Brook Ave.,North Wales,PA,19454,AvaSSkinner,DB172U,FALSE,1468400
110288,Sarah,S,McDonald,(858) 716-8719,165 West Augusta Ave.,New Windsor,NY,12553,SarahSMcDonald,GB461Q,FALSE,1468800
110289,Felicity,T,Hart,(669) 631-4590,741 Sussex Street,Satellite Beach,FL,32937,FelicityTHart,FN468V,FALSE,1469200
110290,Hannah,T,Rees,(245) 497-8972,46 Prince Rd.,Elizabeth City,NC,27909,HannahTRees,DH714L,FALSE,1469600
110291,Sarah,U,Gray,(690) 613-8594,9617 North Green Lake Ave.,Lawrence,MA,1841,SarahUGray,HY235B,FALSE,1470000
110292,Liam,U,Morrison,(213) 219-4986,790 Lower River Ave.,New Lenox,IL,60451,LiamUMorrison,MZ877Z,FALSE,1470400
110293,Paul,V,MacLeod,(330) 702-8786,9672 Oxford Drive,Hermitage,TN,37076,PaulVMacLeod,BN313U,FALSE,1470800
110294,Connor,V,Churchill,(485) 662-6333,8673 Santa Clara St.,Phoenixville,PA,19460,ConnorVChurchill,KC613Y,FALSE,1471200
110295,Hannah,W,Brown,(749) 303-8556,39 N. Sage Circle,Poughkeepsie,NY,12601,HannahWBrown,KH167R,FALSE,1471600
110296,Robert,W,Gill,(928) 764-9164,25 Sussex Ave.,Southgate,MI,48195,RobertWGill,SX493Q,FALSE,1472000
110297,Caroline,X,Gill,(344) 873-4315,541 Beach St.,Reading,MA,1867,CarolineXGill,UR976Q,FALSE,1472400
110298,Andrea,X,Powell,(691) 974-7616,513 Roosevelt St.,Stamford,CT,6902,AndreaXPowell,TI785M,FALSE,1472800
110299,Sean,Y,Martin,(550) 694-9227,8192 Smith Store Ave.,Rockaway,NJ,7866,SeanYMartin,KJ565E,TRUE,1473200
